"","registry","registry_lab","ethnic_group","CI5_continent","continent_lab"
"1",12001,"Algeria, Sétif (2008-2011)",99,1,"Africa"
"2",12003,"Algeria, Batna (2008-2012)",99,1,"Africa"
"3",404002,"Kenya, Nairobi (2008-2012)",99,1,"Africa"
"4",690000,"Seychelles (2009-2012)",99,1,"Africa"
"5",710001,"South Africa, Eastern Cape (2008-2012)",99,1,"Africa"
"6",716002,"Zimbabwe, Harare: African (2010-2012)",70,1,"Africa"
"7",800002,"Uganda, Kyadondo County (2008-2012)",99,1,"Africa"
"8",32005,"Argentina, Entre Rios Province (2008-2011)",99,2,"South America"
"9",32006,"Argentina, Córdoba (2008-2012)",99,2,"South America"
"10",32007,"Argentina, Mendoza (2008-2012)",99,2,"South America"
"11",32008,"Argentina, Tierra del Fuego (2008-2012)",99,2,"South America"
"12",32011,"Argentina, Chaco (2008-2012)",99,2,"South America"
"13",76002,"Brazil, Goiânia (2008-2012)",99,2,"South America"
"14",76005,"Brazil, Florianopolis (2008-2010)",99,2,"South America"
"15",76011,"Brazil, Aracaju (2008-2012)",99,2,"South America"
"16",76012,"Brazil, Curitiba (2008-2011)",99,2,"South America"
"17",76017,"Brazil, Jau (2008-2012)",99,2,"South America"
"18",76020,"Brazil, Pocos de Caldas (2008-2011)",99,2,"South America"
"19",152001,"Chile, Valdivia (2008-2012)",99,2,"South America"
"20",152002,"Chile, Bío Bío Province (2008-2012)",99,2,"South America"
"21",152003,"Chile, Region of Antofagasta (2008-2010)",99,2,"South America"
"22",152005,"Chile, Concepcion (2008-2010)",99,2,"South America"
"23",170001,"Colombia, Cali (2008-2012)",99,2,"South America"
"24",170002,"Colombia, Bucaramanga (2008-2012)",99,2,"South America"
"25",170003,"Colombia, Manizales (2008-2012)",99,2,"South America"
"26",170004,"Colombia, Pasto (2008-2012)",99,2,"South America"
"27",188000,"Costa Rica (2008-2011)",99,2,"South America"
"28",218001,"Ecuador, Quito (2008-2012)",99,2,"South America"
"29",218002,"Ecuador, Cuenca (2008-2012)",99,2,"South America"
"30",218003,"Ecuador, Guayaquil (2008-2012)",99,2,"South America"
"31",218004,"Ecuador, Loja (2008-2010)",99,2,"South America"
"32",218005,"Ecuador, Manabi (2008-2012)",99,2,"South America"
"33",250091,"France, Martinique (2008-2012)",99,2,"South America"
"34",250094,"French Guiana (2008-2012)",99,2,"South America"
"35",388001,"Jamaica, Kingston and St Andrew (2008-2011)",99,2,"South America"
"36",604002,"Peru, Lima (2010-2012)",99,2,"South America"
"37",630000,"USA, Puerto Rico (2008-2012)",99,2,"South America"
"38",858000,"Uruguay (2008-2012)",99,2,"South America"
"39",124001,"Canada, Alberta (2008-2012)",99,3,"North America"
"40",124002,"Canada, British Columbia (2008-2012)",99,3,"North America"
"41",124003,"Canada, Manitoba (2008-2012)",99,3,"North America"
"42",124004,"Canada, Northwest Territories (2008-2012)",99,3,"North America"
"43",124005,"Canada, New Brunswick (2008-2012)",99,3,"North America"
"44",124006,"Canada, Nova Scotia (2008-2012)",99,3,"North America"
"45",124007,"Canada, Prince Edward Island (2008-2012)",99,3,"North America"
"46",124008,"Canada, Newfoundland and Labrador (2008-2012)",99,3,"North America"
"47",124009,"Canada, Yukon (2008-2012)",99,3,"North America"
"48",124010,"Canada, Ontario (2008-2012)",99,3,"North America"
"49",124012,"Canada, Saskatchewan (2008-2012)",99,3,"North America"
"50",124013,"Canada, Nunavut (2008-2012)",99,3,"North America"
"51",840000,"USA: White (2008-2012)",10,3,"North America"
"52",840000,"USA: Black (2008-2012)",30,3,"North America"
"53",840000,"USA (2008-2012)",99,3,"North America"
"54",840002,"USA, California, San Francisco Bay Area: White (2008-2012)",10,3,"North America"
"55",840002,"USA, California, San Francisco Bay Area: Chinese (2008-2012)",20,3,"North America"
"56",840002,"USA, California, San Francisco Bay Area: Japanese (2008-2012)",21,3,"North America"
"57",840002,"USA, California, San Francisco Bay Area: Filipino (2008-2012)",23,3,"North America"
"58",840002,"USA, California, San Francisco Bay Area: Black (2008-2012)",30,3,"North America"
"59",840002,"USA, California, San Francisco Bay Area: Hispanic White (2008-2012)",50,3,"North America"
"60",840002,"USA, California, San Francisco Bay Area: Non-Hispanic White (2008-2012)",60,3,"North America"
"61",840002,"USA, California, San Francisco Bay Area (2008-2012)",99,3,"North America"
"62",840003,"USA, California, Los Angeles County: White (2008-2012)",10,3,"North America"
"63",840003,"USA, California, Los Angeles County: Chinese (2008-2012)",20,3,"North America"
"64",840003,"USA, California, Los Angeles County: Korean (2008-2012)",22,3,"North America"
"65",840003,"USA, California, Los Angeles County: Filipino (2008-2012)",23,3,"North America"
"66",840003,"USA, California, Los Angeles County: Black (2008-2012)",30,3,"North America"
"67",840003,"USA, California, Los Angeles County: Hispanic White (2008-2012)",50,3,"North America"
"68",840003,"USA, California, Los Angeles County: Non-Hispanic White (2008-2012)",60,3,"North America"
"69",840003,"USA, California, Los Angeles County (2008-2012)",99,3,"North America"
"70",840004,"USA, Connecticut: White (2008-2012)",10,3,"North America"
"71",840004,"USA, Connecticut: Black (2008-2012)",30,3,"North America"
"72",840004,"USA, Connecticut (2008-2012)",99,3,"North America"
"73",840005,"USA, Georgia, Atlanta: White (2008-2012)",10,3,"North America"
"74",840005,"USA, Georgia, Atlanta: Black (2008-2012)",30,3,"North America"
"75",840005,"USA, Georgia, Atlanta (2008-2012)",99,3,"North America"
"76",840006,"USA, Iowa (2008-2012)",99,3,"North America"
"77",840007,"USA, Louisiana, New Orleans: White (2008-2012)",10,3,"North America"
"78",840007,"USA, Louisiana, New Orleans: Black (2008-2012)",30,3,"North America"
"79",840007,"USA, Louisiana, New Orleans (2008-2012)",99,3,"North America"
"80",840008,"USA, Michigan, Detroit: White (2008-2012)",10,3,"North America"
"81",840008,"USA, Michigan, Detroit: Black (2008-2012)",30,3,"North America"
"82",840008,"USA, Michigan, Detroit (2008-2012)",99,3,"North America"
"83",840009,"USA, New Mexico: White (2008-2012)",10,3,"North America"
"84",840009,"USA, New Mexico: Hispanic White (2008-2012)",50,3,"North America"
"85",840009,"USA, New Mexico: Non-Hispanic White (2008-2012)",60,3,"North America"
"86",840009,"USA, New Mexico (2008-2012)",99,3,"North America"
"87",840012,"USA, Utah (2008-2012)",99,3,"North America"
"88",840013,"USA, Washington, Seattle (2008-2012)",99,3,"North America"
"89",840015,"USA, New Jersey: White (2008-2012)",10,3,"North America"
"90",840015,"USA, New Jersey: Black (2008-2012)",30,3,"North America"
"91",840015,"USA, New Jersey (2008-2012)",99,3,"North America"
"92",840016,"USA, New York State: White (2008-2012)",10,3,"North America"
"93",840016,"USA, New York State: Black (2008-2012)",30,3,"North America"
"94",840016,"USA, New York State (2008-2012)",99,3,"North America"
"95",840019,"USA, Kentucky (2008-2012)",99,3,"North America"
"96",840020,"USA, SEER (9 registries): White (2008-2012)",10,3,"North America"
"97",840020,"USA, SEER (9 registries): Black (2008-2012)",30,3,"North America"
"98",840020,"USA, SEER (9 registries) (2008-2012)",99,3,"North America"
"99",840022,"USA, Louisiana: White (2008-2012)",10,3,"North America"
"100",840022,"USA, Louisiana: Black (2008-2012)",30,3,"North America"
"101",840022,"USA, Louisiana (2008-2012)",99,3,"North America"
"102",840024,"USA, SEER (18 registries): White (2008-2012)",10,3,"North America"
"103",840024,"USA, SEER (18 registries): Asian and Pacific Islander (2008-2012)",29,3,"North America"
"104",840024,"USA, SEER (18 registries): Black (2008-2012)",30,3,"North America"
"105",840024,"USA, SEER (18 registries): Hispanic White (2008-2012)",50,3,"North America"
"106",840024,"USA, SEER (18 registries): Non-Hispanic White (2008-2012)",60,3,"North America"
"107",840024,"USA, SEER (18 registries) (2008-2012)",99,3,"North America"
"108",840025,"USA, California: White (2008-2012)",10,3,"North America"
"109",840025,"USA, California: Black (2008-2012)",30,3,"North America"
"110",840025,"USA, California: American Indian (2008-2012)",42,3,"North America"
"111",840025,"USA, California (2008-2012)",99,3,"North America"
"112",840040,"USA, Arkansas: White (2008-2012)",10,3,"North America"
"113",840040,"USA, Arkansas: Black (2008-2012)",30,3,"North America"
"114",840040,"USA, Arkansas (2008-2012)",99,3,"North America"
"115",840041,"USA, Delaware: White (2008-2012)",10,3,"North America"
"116",840041,"USA, Delaware: Black (2008-2012)",30,3,"North America"
"117",840041,"USA, Delaware (2008-2012)",99,3,"North America"
"118",840042,"USA, Maryland: White (2008-2012)",10,3,"North America"
"119",840042,"USA, Maryland: Black (2008-2012)",30,3,"North America"
"120",840042,"USA, Maryland (2008-2012)",99,3,"North America"
"121",840043,"USA, Minnesota (2008-2012)",99,3,"North America"
"122",840044,"USA, Mississippi (2008-2012)",99,3,"North America"
"123",840045,"USA, North Carolina: White (2008-2012)",10,3,"North America"
"124",840045,"USA, North Carolina: Black (2008-2012)",30,3,"North America"
"125",840045,"USA, North Carolina (2008-2012)",99,3,"North America"
"126",840046,"USA, North Dakota (2008-2012)",99,3,"North America"
"127",840047,"USA, Nebraska: White (2008-2012)",10,3,"North America"
"128",840047,"USA, Nebraska: Black (2008-2012)",30,3,"North America"
"129",840047,"USA, Nebraska (2008-2012)",99,3,"North America"
"130",840048,"USA, New Hampshire (2008-2012)",99,3,"North America"
"131",840049,"USA, Nevada: White (2008-2012)",10,3,"North America"
"132",840049,"USA, Nevada: Black (2008-2012)",30,3,"North America"
"133",840049,"USA, Nevada (2008-2012)",99,3,"North America"
"134",840050,"USA, Alaska: Alaska Natives (2008-2012)",42,3,"North America"
"135",840050,"USA, Alaska (2008-2012)",99,3,"North America"
"136",840051,"USA, Alabama: White (2008-2012)",10,3,"North America"
"137",840051,"USA, Alabama: Black (2008-2012)",30,3,"North America"
"138",840051,"USA, Alabama (2008-2012)",99,3,"North America"
"139",840052,"USA, Arizona: White (2008-2012)",10,3,"North America"
"140",840052,"USA, Arizona: Black (2008-2012)",30,3,"North America"
"141",840052,"USA, Arizona: American Indian (2008-2012)",42,3,"North America"
"142",840052,"USA, Arizona (2008-2012)",99,3,"North America"
"143",840053,"USA, Colorado: White (2008-2012)",10,3,"North America"
"144",840053,"USA, Colorado: Black (2008-2012)",30,3,"North America"
"145",840053,"USA, Colorado (2008-2012)",99,3,"North America"
"146",840055,"USA, Florida: White (2008-2012)",10,3,"North America"
"147",840055,"USA, Florida: Black (2008-2012)",30,3,"North America"
"148",840055,"USA, Florida (2008-2012)",99,3,"North America"
"149",840056,"USA, Georgia: White (2008-2012)",10,3,"North America"
"150",840056,"USA, Georgia: Black (2008-2012)",30,3,"North America"
"151",840056,"USA, Georgia (2008-2012)",99,3,"North America"
"152",840057,"USA, Idaho (2008-2012)",99,3,"North America"
"153",840058,"USA, Illinois: White (2008-2012)",10,3,"North America"
"154",840058,"USA, Illinois: Black (2008-2012)",30,3,"North America"
"155",840058,"USA, Illinois (2008-2012)",99,3,"North America"
"156",840059,"USA, Indiana: White (2008-2012)",10,3,"North America"
"157",840059,"USA, Indiana: Black (2008-2012)",30,3,"North America"
"158",840059,"USA, Indiana (2008-2012)",99,3,"North America"
"159",840060,"USA, Massachusetts: White (2008-2012)",10,3,"North America"
"160",840060,"USA, Massachusetts: Black (2008-2012)",30,3,"North America"
"161",840060,"USA, Massachusetts (2008-2012)",99,3,"North America"
"162",840061,"USA, Maine (2008-2012)",99,3,"North America"
"163",840062,"USA, Michigan: White (2008-2012)",10,3,"North America"
"164",840062,"USA, Michigan: Black (2008-2012)",30,3,"North America"
"165",840062,"USA, Michigan (2008-2012)",99,3,"North America"
"166",840063,"USA, Missouri: White (2008-2012)",10,3,"North America"
"167",840063,"USA, Missouri: Black (2008-2012)",30,3,"North America"
"168",840063,"USA, Missouri (2008-2012)",99,3,"North America"
"169",840064,"USA, Montana (2008-2012)",99,3,"North America"
"170",840065,"USA, Ohio: White (2008-2012)",10,3,"North America"
"171",840065,"USA, Ohio: Black (2008-2012)",30,3,"North America"
"172",840065,"USA, Ohio (2008-2012)",99,3,"North America"
"173",840066,"USA, Oklahoma: White (2008-2012)",10,3,"North America"
"174",840066,"USA, Oklahoma: Black (2008-2012)",30,3,"North America"
"175",840066,"USA, Oklahoma (2008-2012)",99,3,"North America"
"176",840067,"USA, Oregon: White (2008-2012)",10,3,"North America"
"177",840067,"USA, Oregon: Black (2008-2012)",30,3,"North America"
"178",840067,"USA, Oregon (2008-2012)",99,3,"North America"
"179",840068,"USA, Pennsylvania: White (2008-2012)",10,3,"North America"
"180",840068,"USA, Pennsylvania: Black (2008-2012)",30,3,"North America"
"181",840068,"USA, Pennsylvania (2008-2012)",99,3,"North America"
"182",840069,"USA, Rhode Island: White (2008-2012)",10,3,"North America"
"183",840069,"USA, Rhode Island: Black (2008-2012)",30,3,"North America"
"184",840069,"USA, Rhode Island (2008-2012)",99,3,"North America"
"185",840070,"USA, South Carolina: White (2008-2012)",10,3,"North America"
"186",840070,"USA, South Carolina: Black (2008-2012)",30,3,"North America"
"187",840070,"USA, South Carolina (2008-2012)",99,3,"North America"
"188",840071,"USA, Texas: White (2008-2012)",10,3,"North America"
"189",840071,"USA, Texas: Black (2008-2012)",30,3,"North America"
"190",840071,"USA, Texas (2008-2012)",99,3,"North America"
"191",840072,"USA, Vermont (2008-2012)",99,3,"North America"
"192",840073,"USA, Washington State (2008-2012)",99,3,"North America"
"193",840074,"USA, West Virginia (2008-2012)",99,3,"North America"
"194",840075,"USA, Wisconsin: White (2008-2012)",10,3,"North America"
"195",840075,"USA, Wisconsin: Black (2008-2012)",30,3,"North America"
"196",840075,"USA, Wisconsin (2008-2012)",99,3,"North America"
"197",840076,"USA, Wyoming (2008-2012)",99,3,"North America"
"198",840077,"USA, Virginia: White (2008-2012)",10,3,"North America"
"199",840077,"USA, Virginia: Black (2008-2012)",30,3,"North America"
"200",840077,"USA, Virginia (2008-2012)",99,3,"North America"
"201",840078,"USA, South Dakota (2008-2012)",99,3,"North America"
"202",840079,"USA, Tennessee: White (2008-2012)",10,3,"North America"
"203",840079,"USA, Tennessee: Black (2008-2012)",30,3,"North America"
"204",840079,"USA, Tennessee (2008-2012)",99,3,"North America"
"205",840080,"USA, NPCR: White (2008-2012)",10,3,"North America"
"206",840080,"USA, NPCR: Asian and Pacific Islander (2008-2012)",29,3,"North America"
"207",840080,"USA, NPCR: Black (2008-2012)",30,3,"North America"
"208",840080,"USA, NPCR: American Indian/Alaska Natives (2008-2012)",42,3,"North America"
"209",840080,"USA, NPCR (2008-2012)",99,3,"North America"
"210",48000,"Bahrain: Bahraini (2008-2012)",46,4,"Asia"
"211",96000,"Brunei Darussalam (2010-2012)",99,4,"Asia"
"212",156001,"China, Beijing (2008-2012)",99,4,"Asia"
"213",156002,"China, Qidong County (2008-2012)",99,4,"Asia"
"214",156003,"China, Shanghai City (2008-2012)",99,4,"Asia"
"215",156006,"China, Cixian County (2008-2012)",99,4,"Asia"
"216",156007,"China, Jiashan County (2008-2012)",99,4,"Asia"
"217",156008,"China, Linzhou County (2008-2012)",99,4,"Asia"
"218",156009,"China, Wuhan City (2008-2012)",99,4,"Asia"
"219",156012,"China, Anshan City (2008-2012)",99,4,"Asia"
"220",156014,"China, Zhongshan City (2010-2012)",99,4,"Asia"
"221",156015,"China, Harbin City, Nangang District (2008-2012)",99,4,"Asia"
"222",156016,"China, Shexian County (2008-2012)",99,4,"Asia"
"223",156018,"China, Yanting County (2008-2012)",99,4,"Asia"
"224",156021,"China, Hangzhou City (2008-2012)",99,4,"Asia"
"225",156023,"China, Jiaxing City (2008-2012)",99,4,"Asia"
"226",156024,"China, Guangzhou (2010-2012)",99,4,"Asia"
"227",156025,"China, Haimen County (2008-2012)",99,4,"Asia"
"228",156030,"China, Hong Kong (2008-2012)",99,4,"Asia"
"229",156031,"China, Benxi (2008-2011)",99,4,"Asia"
"230",156032,"China, Jianhu County (2010-2012)",99,4,"Asia"
"231",156051,"China, Guanyun (2008-2012)",99,4,"Asia"
"232",156053,"China, Hefei (2010-2012)",99,4,"Asia"
"233",156054,"China, Hengdong (2009-2012)",99,4,"Asia"
"234",156057,"China, Huaiyin District, Huai'an (2009-2012)",99,4,"Asia"
"235",156060,"China, Jiangmen (2010-2012)",99,4,"Asia"
"236",156068,"China, Lianyungang (2008-2012)",99,4,"Asia"
"237",156071,"China, Liuzhou (2009-2012)",99,4,"Asia"
"238",156075,"China, Maanshan (2008-2012)",99,4,"Asia"
"239",156083,"China, Shenyang (2008-2012)",99,4,"Asia"
"240",156084,"China, Sheyang (2008-2012)",99,4,"Asia"
"241",156088,"China, Tongling City (2008-2012)",99,4,"Asia"
"242",156092,"China, Wuxi (2010-2012)",99,4,"Asia"
"243",156093,"China, Xianju (2010-2012)",99,4,"Asia"
"244",156096,"China, Xiping (2010-2012)",99,4,"Asia"
"245",156099,"China, Yanshi (2010-2012)",99,4,"Asia"
"246",156102,"China, Yueyanglou (2009-2012)",99,4,"Asia"
"247",156105,"China, Zhuhai (2010-2012)",99,4,"Asia"
"248",356001,"India, Ahmedabad (2008-2011)",99,4,"Asia"
"249",356002,"India, Bangalore (2008-2012)",99,4,"Asia"
"250",356003,"India, Mumbai (2008-2012)",99,4,"Asia"
"251",356004,"India, Chennai (2008-2012)",99,4,"Asia"
"252",356006,"India, Poona (2008-2011)",99,4,"Asia"
"253",356007,"India; Barshi, Paranda, and Bhum (2008-2012)",99,4,"Asia"
"254",356008,"India, Trivandrum (2008-2012)",99,4,"Asia"
"255",356011,"India, Dindigul, Ambilikkai (2008-2012)",99,4,"Asia"
"256",356014,"India, Bhopal (2008-2012)",99,4,"Asia"
"257",356015,"India, Kamrup Urban District (2009-2012)",99,4,"Asia"
"258",356018,"India, Sikkim State (2008-2012)",99,4,"Asia"
"259",356019,"India, Mizoram (2008-2012)",99,4,"Asia"
"260",356020,"India, Wardha (2010-2012)",99,4,"Asia"
"261",356021,"India, Kollam (2008-2012)",99,4,"Asia"
"262",356022,"India, Tripura (2010-2012)",99,4,"Asia"
"263",356025,"India, Cachar (2008-2012)",99,4,"Asia"
"264",364003,"Iran (Islamic Republic of), Golestan Province (2008-2011)",99,4,"Asia"
"265",376000,"Israel: Jews (2008-2012)",90,4,"Asia"
"266",376000,"Israel: Non-Jews, Arab (2008-2012)",94,4,"Asia"
"267",376000,"Israel: Non-Jews, Other (2008-2012)",95,4,"Asia"
"268",376000,"Israel (2008-2012)",99,4,"Asia"
"269",392001,"Japan, Hiroshima Prefecture (2008-2012)",99,4,"Asia"
"270",392002,"Japan, Miyagi Prefecture (2008-2010)",99,4,"Asia"
"271",392003,"Japan, Nagasaki Prefecture (2008-2012)",99,4,"Asia"
"272",392004,"Japan, Osaka Prefecture (2008-2012)",99,4,"Asia"
"273",392006,"Japan, Yamagata Prefecture (2008-2012)",99,4,"Asia"
"274",392008,"Japan, Niigata Prefecture (2008-2012)",99,4,"Asia"
"275",392009,"Japan, Fukui Prefecture (2008-2012)",99,4,"Asia"
"276",392010,"Japan, Aichi Prefecture (2008-2012)",99,4,"Asia"
"277",392011,"Japan, Tochigi Prefecture (2008-2012)",99,4,"Asia"
"278",400000,"Jordan: Jordanians (2008-2012)",99,4,"Asia"
"279",410000,"Republic of Korea (2008-2012)",99,4,"Asia"
"280",410002,"Republic of Korea, Busan (2008-2012)",99,4,"Asia"
"281",410003,"Republic of Korea, Seoul (2008-2012)",99,4,"Asia"
"282",410004,"Republic of Korea, Daegu (2008-2012)",99,4,"Asia"
"283",410005,"Republic of Korea, Daejeon (2008-2012)",99,4,"Asia"
"284",410008,"Republic of Korea, Ulsan (2008-2012)",99,4,"Asia"
"285",410009,"Republic of Korea, Jejudo (2008-2012)",99,4,"Asia"
"286",410010,"Republic of Korea, Gwangju (2008-2012)",99,4,"Asia"
"287",410011,"Republic of Korea, Incheon (2008-2012)",99,4,"Asia"
"288",414000,"Kuwait: Kuwaitis (2008-2012)",25,4,"Asia"
"289",414000,"Kuwait: Non-Kuwaitis (2008-2012)",26,4,"Asia"
"290",414000,"Kuwait (2008-2012)",99,4,"Asia"
"291",458002,"Malaysia, Penang: Chinese (2008-2010)",20,4,"Asia"
"292",458002,"Malaysia, Penang: Malay (2008-2010)",27,4,"Asia"
"293",458002,"Malaysia, Penang: Indian (2008-2010)",40,4,"Asia"
"294",458002,"Malaysia, Penang (2008-2010)",99,4,"Asia"
"295",608002,"Philippines, Manila (2008-2012)",99,4,"Asia"
"296",608003,"Philippines, Rizal (2008-2012)",99,4,"Asia"
"297",634000,"Qatar: Qatari (2008-2012)",68,4,"Asia"
"298",682001,"Saudi Arabia, Riyadh: Saudi (2008-2012)",58,4,"Asia"
"299",704002,"Viet Nam, Ho Chi Minh City (2009-2012)",99,4,"Asia"
"300",764001,"Thailand, Chiang Mai (2008-2012)",99,4,"Asia"
"301",764002,"Thailand, Khon Kaen (2008-2012)",99,4,"Asia"
"302",764003,"Thailand, Bangkok (2008-2010)",99,4,"Asia"
"303",764004,"Thailand, Songkhla (2008-2012)",99,4,"Asia"
"304",764005,"Thailand, Lampang (2008-2012)",99,4,"Asia"
"305",764007,"Thailand, Lopburi Province (2009-2012)",99,4,"Asia"
"306",764008,"Thailand, Chonburi (2008-2011)",99,4,"Asia"
"307",792001,"Turkey, Izmir (2008-2012)",99,4,"Asia"
"308",792002,"Turkey, Antalya (2008-2012)",99,4,"Asia"
"309",792003,"Turkey, Samsun (2008-2012)",99,4,"Asia"
"310",792004,"Turkey, Bursa (2008-2012)",99,4,"Asia"
"311",792005,"Turkey, Erzurum (2010-2012)",99,4,"Asia"
"312",792006,"Turkey, Eskisehir (2008-2012)",99,4,"Asia"
"313",792007,"Turkey, Edirne (2008-2012)",99,4,"Asia"
"314",792008,"Turkey, Trabzon (2008-2012)",99,4,"Asia"
"315",40000,"Austria (2008-2012)",99,5,"Europe"
"316",40002,"Austria, Carinthia (2008-2012)",99,5,"Europe"
"317",40007,"Austria, Tyrol (2008-2012)",99,5,"Europe"
"318",40008,"Austria, Vorarlberg (2008-2012)",99,5,"Europe"
"319",56000,"Belgium (2008-2012)",99,5,"Europe"
"320",100000,"Bulgaria (2008-2012)",99,5,"Europe"
"321",112000,"Belarus (2008-2012)",99,5,"Europe"
"322",191000,"Croatia (2008-2012)",99,5,"Europe"
"323",196000,"Cyprus (2008-2012)",99,5,"Europe"
"324",203000,"Czech Republic (2008-2012)",99,5,"Europe"
"325",208000,"Denmark (2008-2012)",99,5,"Europe"
"326",233000,"Estonia (2008-2012)",99,5,"Europe"
"327",250001,"France, Bas-Rhin (2008-2011)",99,5,"Europe"
"328",250002,"France, Calvados (2008-2012)",99,5,"Europe"
"329",250003,"France, Doubs (2008-2012)",99,5,"Europe"
"330",250004,"France, Haut-Rhin (2008-2012)",99,5,"Europe"
"331",250005,"France, Isère (2008-2012)",99,5,"Europe"
"332",250006,"France, Somme (2008-2012)",99,5,"Europe"
"333",250007,"France, Tarn (2008-2012)",99,5,"Europe"
"334",250008,"France, Hérault (2008-2012)",99,5,"Europe"
"335",250009,"France, Limousin (2009-2012)",99,5,"Europe"
"336",250010,"France, Gironde (2008-2012)",99,5,"Europe"
"337",250011,"France, Territoire de Belfort (2008-2012)",99,5,"Europe"
"338",250014,"France, Loire-Atlantique (2008-2012)",99,5,"Europe"
"339",250016,"France, Manche (2008-2011)",99,5,"Europe"
"340",250017,"France, Vendée (2008-2012)",99,5,"Europe"
"341",250018,"France, Lille-Métropole (2008-2012)",99,5,"Europe"
"342",276002,"Germany, Hamburg (2008-2012)",99,5,"Europe"
"343",276003,"Germany, Bavaria (2008-2012)",99,5,"Europe"
"344",276005,"Germany, Munich (2008-2012)",99,5,"Europe"
"345",276006,"Germany, Lower Saxony (2008-2012)",99,5,"Europe"
"346",276009,"Germany, Rhineland-Palatinate (2008-2012)",99,5,"Europe"
"347",276011,"Germany, North Rhine-Westphalia (2008-2012)",99,5,"Europe"
"348",276012,"Germany, Bremen (2008-2012)",99,5,"Europe"
"349",276016,"Germany, Schleswig-Holstein (2008-2012)",99,5,"Europe"
"350",276030,"Germany, Saarland (2008-2012)",99,5,"Europe"
"351",352000,"Iceland (2008-2012)",99,5,"Europe"
"352",372000,"Ireland (2008-2012)",99,5,"Europe"
"353",380001,"Italy, Florence and Prato (2008-2010)",99,5,"Europe"
"354",380003,"Italy, Latina (2008-2012)",99,5,"Europe"
"355",380004,"Italy, Varese (2008-2012)",99,5,"Europe"
"356",380005,"Italy, Parma (2008-2012)",99,5,"Europe"
"357",380006,"Italy, Ragusa and Caltanissetta (2008-2012)",99,5,"Europe"
"358",380007,"Italy, Romagna (2008-2012)",99,5,"Europe"
"359",380008,"Italy, Turin (2008-2012)",99,5,"Europe"
"360",380010,"Italy, Modena (2008-2012)",99,5,"Europe"
"361",380012,"Italy, Ferrara (2008-2011)",99,5,"Europe"
"362",380013,"Italy, Veneto (2008-2010)",99,5,"Europe"
"363",380014,"Italy, Umbria (2008-2011)",99,5,"Europe"
"364",380015,"Italy, Sassari (2008-2011)",99,5,"Europe"
"365",380016,"Italy, Naples (2008-2012)",99,5,"Europe"
"366",380017,"Italy, Biella (2008-2012)",99,5,"Europe"
"367",380018,"Italy, Friuli-Venezia Giulia (2008-2010)",99,5,"Europe"
"368",380019,"Italy, Trento (2008-2010)",99,5,"Europe"
"369",380021,"Italy, Mantua (2008-2010)",99,5,"Europe"
"370",380023,"Italy, Reggio Emilia (2008-2012)",99,5,"Europe"
"371",380026,"Italy, Milan (2008-2012)",99,5,"Europe"
"372",380028,"Italy, Sondrio (2008-2012)",99,5,"Europe"
"373",380029,"Italy, Syracuse (2008-2012)",99,5,"Europe"
"374",380031,"Italy, Nuoro (2008-2012)",99,5,"Europe"
"375",380033,"Italy, Palermo (2008-2012)",99,5,"Europe"
"376",380034,"Italy, South Tyrol (2008-2010)",99,5,"Europe"
"377",380037,"Italy, Catania, Messina and Enna (2008-2012)",99,5,"Europe"
"378",380038,"Italy, Como (2008-2011)",99,5,"Europe"
"379",380039,"Italy, Lecco (2008-2010)",99,5,"Europe"
"380",380040,"Italy, Lombardy, South, Pavia (2008-2010)",99,5,"Europe"
"381",380041,"Italy, Barletta (2008-2011)",99,5,"Europe"
"382",380043,"Italy, Bergamo (2008-2012)",99,5,"Europe"
"383",380044,"Italy, Caserta (2008-2010)",99,5,"Europe"
"384",380045,"Italy, Cremona (2008-2010)",99,5,"Europe"
"385",380047,"Italy, Monza (2008-2012)",99,5,"Europe"
"386",380048,"Italy, Piacenza (2008-2011)",99,5,"Europe"
"387",380049,"Italy, Taranto (2008-2011)",99,5,"Europe"
"388",380050,"Italy, Aosta Valley (2008-2012)",99,5,"Europe"
"389",428000,"Latvia (2010-2012)",99,5,"Europe"
"390",440000,"Lithuania (2008-2012)",99,5,"Europe"
"391",470000,"Malta (2008-2012)",99,5,"Europe"
"392",528000,"The Netherlands (2008-2012)",99,5,"Europe"
"393",578000,"Norway (2008-2012)",99,5,"Europe"
"394",616002,"Poland, Lower Silesia (2008-2012)",99,5,"Europe"
"395",616007,"Poland, Kielce (2008-2012)",99,5,"Europe"
"396",616010,"Poland, Poznan (2008-2012)",99,5,"Europe"
"397",616011,"Poland, Lublin (2008-2012)",99,5,"Europe"
"398",616012,"Poland, Podkarpackie (2008-2012)",99,5,"Europe"
"399",620005,"Portugal, Azores (2008-2011)",99,5,"Europe"
"400",643003,"Russian Federation, Karelia (2008-2012)",99,5,"Europe"
"401",643004,"Russian Federation, Samara (2008-2012)",99,5,"Europe"
"402",643005,"Russian Federation, Chelyabinsk (2008-2012)",99,5,"Europe"
"403",643006,"Russian Federation, Arkhangelsk (2008-2012)",99,5,"Europe"
"404",703000,"Slovakia (2008-2010)",99,5,"Europe"
"405",705000,"Slovenia (2008-2012)",99,5,"Europe"
"406",724001,"Spain, Tarragona (2008-2012)",99,5,"Europe"
"407",724002,"Spain, Granada (2008-2012)",99,5,"Europe"
"408",724003,"Spain, Murcia (2008-2010)",99,5,"Europe"
"409",724004,"Spain, Navarra (2008-2010)",99,5,"Europe"
"410",724005,"Spain, Asturias (2008-2010)",99,5,"Europe"
"411",724006,"Spain, Basque Country (2008-2012)",99,5,"Europe"
"412",724008,"Spain, Mallorca (2008-2011)",99,5,"Europe"
"413",724009,"Spain, Albacete (2008-2010)",99,5,"Europe"
"414",724010,"Spain, Girona (2008-2012)",99,5,"Europe"
"415",724011,"Spain, Canary Islands (2008-2011)",99,5,"Europe"
"416",724013,"Spain, Cuenca (2008-2011)",99,5,"Europe"
"417",724014,"Spain, La Rioja (2008-2012)",99,5,"Europe"
"418",724015,"Spain, Castellón (2008-2012)",99,5,"Europe"
"419",724016,"Spain, Ciudad Real (2008-2011)",99,5,"Europe"
"420",756002,"Switzerland, Geneva (2008-2012)",99,5,"Europe"
"421",756003,"Switzerland, Neuchâtel (2008-2012)",99,5,"Europe"
"422",756004,"Switzerland, St Gall-Appenzell (2008-2012)",99,5,"Europe"
"423",756005,"Switzerland, Vaud (2008-2012)",99,5,"Europe"
"424",756006,"Switzerland, Zurich (2008-2012)",99,5,"Europe"
"425",756008,"Switzerland, Valais (2008-2012)",99,5,"Europe"
"426",756010,"Switzerland, Ticino (2008-2012)",99,5,"Europe"
"427",756011,"Switzerland, Graubünden and Glarus (2008-2012)",99,5,"Europe"
"428",756012,"Switzerland, Fribourg (2008-2012)",99,5,"Europe"
"429",804000,"Ukraine (2008-2012)",99,5,"Europe"
"430",826000,"United Kingdom (2008-2012)",99,5,"Europe"
"431",826001,"UK, England (2008-2012)",99,5,"Europe"
"432",826002,"UK, England, West Midlands (2008-2012)",99,5,"Europe"
"433",826003,"UK, England, North West (2008-2012)",99,5,"Europe"
"434",826004,"UK, England, South East (2008-2012)",99,5,"Europe"
"435",826006,"UK, England, South West (2008-2012)",99,5,"Europe"
"436",826007,"UK, England, East Midlands (2008-2012)",99,5,"Europe"
"437",826009,"UK, England, North East (2008-2012)",99,5,"Europe"
"438",826010,"UK, England, Yorkshire and The Humber (2008-2012)",99,5,"Europe"
"439",826011,"UK, England, East (2008-2012)",99,5,"Europe"
"440",826015,"UK, England, London (2008-2012)",99,5,"Europe"
"441",826020,"UK, Scotland (2008-2012)",99,5,"Europe"
"442",826030,"UK, Northern Ireland (2008-2012)",99,5,"Europe"
"443",826040,"UK, Wales (2008-2012)",99,5,"Europe"
"444",36000,"Australia (2008-2012)",99,6,"Oceania"
"445",36001,"Australian Capital Territory (2008-2012)",99,6,"Oceania"
"446",36002,"Australia, New South Wales (2008-2012)",99,6,"Oceania"
"447",36003,"Australia, Queensland (2008-2012)",99,6,"Oceania"
"448",36004,"South Australia (2008-2012)",99,6,"Oceania"
"449",36005,"Australia, Tasmania (2008-2012)",99,6,"Oceania"
"450",36006,"Australia, Victoria (2008-2012)",99,6,"Oceania"
"451",36007,"Western Australia (2008-2012)",99,6,"Oceania"
"452",36008,"Australia, Northern Territory: Indigenous (2008-2012)",62,6,"Oceania"
"453",36008,"Australia, Northern Territory: Non-Indigenous (2008-2012)",63,6,"Oceania"
"454",36008,"Australia, Northern Territory (2008-2012)",99,6,"Oceania"
"455",250093,"New Caledonia (2008-2011)",99,6,"Oceania"
"456",554000,"New Zealand: Maori (2008-2012)",28,6,"Oceania"
"457",554000,"New Zealand: Pacific Islander (2008-2012)",29,6,"Oceania"
"458",554000,"New Zealand (2008-2012)",99,6,"Oceania"
"459",840098,"USA, Pacific Islands (2008-2012)",99,6,"Oceania"
"460",840099,"USA, Hawaii: White (2008-2012)",10,6,"Oceania"
"461",840099,"USA, Hawaii: Chinese (2008-2012)",20,6,"Oceania"
"462",840099,"USA, Hawaii: Japanese (2008-2012)",21,6,"Oceania"
"463",840099,"USA, Hawaii: Filipino (2008-2012)",23,6,"Oceania"
"464",840099,"USA, Hawaii: Hawaiian (2008-2012)",45,6,"Oceania"
"465",840099,"USA, Hawaii (2008-2012)",99,6,"Oceania"
